090110,CCZ,R,P,12,0,2010,.0000000,,120.0000000,,.0000000,,120.00000000,,120.00000000,,120.00000000,,.00000000,,120.00000000,10.0000000,10.000000,0,.000000,CBT
090210,CCZ,R,P,12,0,2010,.0000000,,.0000000,,.0000000,,.00000000,,.00000000,N,120.00000000,,.00000000,,120.00000000,.0000000,10.000000,0,.000000,CBT
090310,CCZ,R,P,12,0,2010,.0000000,,.0000000,,.0000000,,.00000000,,.00000000,N,120.00000000,,.00000000,,80.00000000,.0000000,10.000000,0,.000000,CBT
090710,CCZ,R,P,12,0,2010,.0000000,,.0000000,,.0000000,,.00000000,,.00000000,N,80.00000000,,.00000000,,40.00000000,.0000000,10.000000,0,.000000,CBT
090810,CCZ,R,P,12,0,2010,.0000000,,40.0000000,,.0000000,,40.00000000,,40.00000000,,40.00000000,,.00000000,,40.00000000,60.0000000,70.000000,0,.000000,CBT
090910,CCZ,R,P,12,0,2010,.0000000,,.0000000,,.0000000,,.00000000,,.00000000,N,40.00000000,,.00000000,,34.00000000,.0000000,70.000000,0,.000000,CBT
091010,CCZ,R,P,12,0,2010,.0000000,,.0000000,,.0000000,,.00000000,,.00000000,N,34.00000000,,.00000000,,44.00000000,.0000000,70.000000,0,.000000,CBT
091310,CCZ,R,P,12,0,2010,.0000000,,40.0000000,,.0000000,,40.00000000,,40.00000000,,40.00000000,,.00000000,,40.00000000,25.0000000,95.000000,0,.000000,CBT
091410,CCZ,R,P,12,0,2010,.0000000,,40.0000000,,.0000000,,40.00000000,,40.00000000,,40.00000000,,.00000000,,40.00000000,208.0000000,303.000000,0,.000000,CBT
091510,CCZ,R,P,12,0,2010,.0000000,,40.0000000,,.0000000,,40.00000000,,40.00000000,,40.00000000,,.00000000,,40.00000000,1.0000000,304.000000,0,.000000,CBT
091610,CCZ,R,P,12,0,2010,.0000000,,.0000000,,.0000000,,.00000000,,.00000000,N,40.00000000,,.00000000,,40.00000000,.0000000,304.000000,0,.000000,CBT
091710,CCZ,R,P,12,0,2010,.0000000,,30.0000000,,.0000000,,30.00000000,,30.00000000,,30.00000000,,.00000000,,30.00000000,9.0000000,313.000000,0,.000000,CBT
092010,CCZ,R,P,12,0,2010,.0000000,,30.0000000,,.0000000,,30.00000000,,30.00000000,,30.00000000,,.00000000,,30.00000000,11.0000000,324.000000,0,.000000,CBT
092110,CCZ,R,P,12,0,2010,.0000000,,20.0000000,,.0000000,,30.00000000,,20.00000000,,30.00000000,,.00000000,,30.00000000,25.0000000,349.000000,0,.000000,CBT
092210,CCZ,R,P,12,0,2010,.0000000,,.0000000,,.0000000,,.00000000,,.00000000,N,30.00000000,,.00000000,,24.00000000,.0000000,349.000000,0,.000000,CBT
092310,CCZ,R,P,12,0,2010,.0000000,,40.0000000,,.0000000,,50.00000000,,40.00000000,,50.00000000,,.00000000,,44.00000000,900.0000000,1234.000000,0,.000000,CBT
092410,CCZ,R,C,12,0,2010,35.0000000,,150.0000000,,.0000000,,150.00000000,,150.00000000,N,150.00000000,,.00000000,,150.00000000,500.0000000,500.000000,0,.250000,CBT
092410,CCZ,R,P,12,0,2010,.0000000,,.0000000,,.0000000,,.00000000,,.00000000,N,44.00000000,,.00000000,,50.00000000,.0000000,1234.000000,0,.000000,CBT
092710,CCZ,R,C,12,0,2010,35.0000000,,.0000000,,.0000000,,.00000000,,.00000000,N,150.00000000,,.00000000,,140.00000000,.0000000,500.000000,0,.235100,CBT
092710,CCZ,R,P,12,0,2010,.0000000,,.0000000,,.0000000,,.00000000,,.00000000,N,50.00000000,,.00000000,,40.00000000,.0000000,1234.000000,0,.000000,CBT
092810,CCZ,R,C,12,0,2010,35.0000000,,.0000000,,.0000000,,.00000000,,.00000000,N,140.00000000,,.00000000,,100.00000000,.0000000,500.000000,0,.636300,CBT
092810,CCZ,R,C,12,0,2010,50.0000000,,60.0000000,,.0000000,,60.00000000,,60.00000000,,60.00000000,,.00000000,,60.00000000,50.0000000,50.000000,0,.636300,CBT
092810,CCZ,R,P,12,0,2010,.0000000,,44.0000000,,.0000000,,44.00000000,,44.00000000,,44.00000000,,.00000000,,40.00000000,20.0000000,1234.000000,0,.000000,CBT
092910,CCZ,R,C,12,0,2010,35.0000000,,.0000000,,.0000000,,.00000000,,.00000000,N,100.00000000,,.00000000,,100.00000000,.0000000,500.000000,0,.777900,CBT
092910,CCZ,R,C,12,0,2010,50.0000000,,.0000000,,.0000000,,.00000000,,.00000000,N,60.00000000,,.00000000,,56.00000000,.0000000,50.000000,0,.152300,CBT
092910,CCZ,R,P,12,0,2010,.0000000,,54.0000000,,.0000000,,54.00000000,,54.00000000,,54.00000000,,.00000000,,54.00000000,100.0000000,1334.000000,0,.000000,CBT
093010,CCZ,R,C,12,0,2010,35.0000000,,.0000000,,.0000000,,.00000000,,.00000000,N,100.00000000,,.00000000,,80.00000000,.0000000,500.000000,0,.864100,CBT
093010,CCZ,R,C,12,0,2010,50.0000000,,.0000000,,.0000000,,.00000000,,.00000000,N,56.00000000,,.00000000,,50.00000000,.0000000,50.000000,0,.143400,CBT
093010,CCZ,R,P,12,0,2010,.0000000,,80.0000000,,.0000000,,80.00000000,,80.00000000,,80.00000000,,.00000000,,74.00000000,100.0000000,1374.000000,0,.000000,CBT
100110,CCZ,R,C,12,0,2010,35.0000000,,.0000000,,.0000000,,.00000000,,.00000000,N,80.00000000,,.00000000,,50.00000000,.0000000,500.000000,0,.213700,CBT
100110,CCZ,R,C,12,0,2010,50.0000000,,.0000000,,.0000000,,.00000000,,.00000000,N,50.00000000,,.00000000,,24.00000000,.0000000,50.000000,0,.262300,CBT
100110,CCZ,R,P,12,0,2010,.0000000,,130.0000000,,.0000000,,130.00000000,,130.00000000,,130.00000000,,.00000000,,130.00000000,70.0000000,1374.000000,0,.000000,CBT
100410,CCZ,R,C,12,0,2010,35.0000000,,.0000000,,.0000000,,.00000000,,.00000000,N,50.00000000,,.00000000,,44.00000000,.0000000,500.000000,0,.000000,CBT
100410,CCZ,R,C,12,0,2010,50.0000000,,.0000000,,.0000000,,.00000000,,.00000000,N,24.00000000,,.00000000,,20.00000000,.0000000,50.000000,0,.643400,CBT
100410,CCZ,R,P,12,0,2010,.0000000,,.0000000,,.0000000,,.00000000,,.00000000,N,130.00000000,,.00000000,,114.00000000,.0000000,1374.000000,0,.000000,CBT
100510,CCZ,R,C,12,0,2010,25.0000000,,110.0000000,,.0000000,,120.00000000,,110.00000000,,120.00000000,,.00000000,,120.00000000,125.0000000,125.000000,0,.844200,CBT
100510,CCZ,R,C,12,0,2010,35.0000000,,.0000000,,.0000000,,.00000000,,.00000000,N,44.00000000,,.00000000,,80.00000000,.0000000,500.000000,0,.844200,CBT
100510,CCZ,R,C,12,0,2010,50.0000000,,.0000000,,.0000000,,.00000000,,.00000000,N,20.00000000,,.00000000,,44.00000000,.0000000,50.000000,0,.846000,CBT
100510,CCZ,R,P,12,0,2010,.0000000,,120.0000000,,.0000000,,120.00000000,,120.00000000,,120.00000000,,.00000000,,110.00000000,10.0000000,1374.000000,0,.000000,CBT
100610,CCZ,R,C,12,0,2010,25.0000000,,.0000000,,.0000000,,.00000000,,.00000000,N,120.00000000,,.00000000,,104.00000000,.0000000,125.000000,0,.727600,CBT
100610,CCZ,R,C,12,0,2010,35.0000000,,.0000000,,.0000000,,.00000000,,.00000000,N,80.00000000,,.00000000,,70.00000000,.0000000,500.000000,0,.360700,CBT
100610,CCZ,R,C,12,0,2010,50.0000000,,.0000000,,.0000000,,.00000000,,.00000000,N,44.00000000,,.00000000,,40.00000000,.0000000,50.000000,0,.175300,CBT
100610,CCZ,R,P,12,0,2010,.0000000,,.0000000,,.0000000,,.00000000,,.00000000,N,110.00000000,,.00000000,,94.00000000,.0000000,1374.000000,0,.000000,CBT
100710,CCZ,R,C,12,0,2010,25.0000000,,.0000000,,.0000000,,.00000000,,.00000000,N,104.00000000,,.00000000,,124.00000000,.0000000,125.000000,0,.127700,CBT
100710,CCZ,R,C,12,0,2010,35.0000000,,.0000000,,.0000000,,.00000000,,.00000000,N,70.00000000,,.00000000,,90.00000000,.0000000,500.000000,0,.027600,CBT
100710,CCZ,R,C,12,0,2010,50.0000000,,.0000000,,.0000000,,.00000000,,.00000000,N,40.00000000,,.00000000,,54.00000000,.0000000,50.000000,0,.675200,CBT
100710,CCZ,R,P,12,0,2010,.0000000,,.0000000,,.0000000,,.00000000,,.00000000,N,94.00000000,,.00000000,,90.00000000,.0000000,1374.000000,0,.000000,CBT
100810,CCZ,R,C,12,0,2010,25.0000000,,.0000000,,.0000000,,.00000000,,.00000000,N,124.00000000,,.00000000,,310.00000000,.0000000,125.000000,0,.629400,CBT
100810,CCZ,R,C,12,0,2010,35.0000000,,.0000000,,.0000000,,.00000000,,.00000000,N,90.00000000,,.00000000,,244.00000000,.0000000,500.000000,0,.154700,CBT
100810,CCZ,R,C,12,0,2010,50.0000000,,.0000000,,.0000000,,.00000000,,.00000000,N,54.00000000,,.00000000,,170.00000000,.0000000,50.000000,0,.186600,CBT
100810,CCZ,R,P,12,0,2010,.0000000,,.0000000,,.0000000,,.00000000,,.00000000,N,90.00000000,,.00000000,,30.00000000,.0000000,1374.000000,0,.000000,CBT
101110,CCZ,R,C,12,0,2010,25.0000000,,.0000000,,.0000000,,.00000000,,.00000000,N,310.00000000,,.00000000,,300.00000000,.0000000,125.000000,0,.000000,CBT
101110,CCZ,R,C,12,0,2010,35.0000000,,.0000000,,.0000000,,.00000000,,.00000000,N,244.00000000,,.00000000,,250.00000000,.0000000,500.000000,0,.000000,CBT
101110,CCZ,R,C,12,0,2010,50.0000000,,.0000000,,.0000000,,.00000000,,.00000000,N,170.00000000,,.00000000,,180.00000000,.0000000,50.000000,0,.000000,CBT
101110,CCZ,R,P,12,0,2010,.0000000,,30.0000000,,.0000000,,30.00000000,,30.00000000,,30.00000000,,.00000000,,40.00000000,25.0000000,1399.000000,0,.000000,CBT
101210,CCZ,R,C,12,0,2010,25.0000000,,.0000000,,.0000000,,.00000000,,.00000000,N,300.00000000,,.00000000,,370.00000000,.0000000,125.000000,0,.039300,CBT
101210,CCZ,R,C,12,0,2010,35.0000000,,.0000000,,.0000000,,.00000000,,.00000000,N,250.00000000,,.00000000,,300.00000000,.0000000,500.000000,0,.355600,CBT
101210,CCZ,R,C,12,0,2010,50.0000000,,.0000000,,.0000000,,.00000000,,.00000000,N,180.00000000,,.00000000,,220.00000000,.0000000,50.000000,0,.608700,CBT
101210,CCZ,R,P,12,0,2010,.0000000,,24.0000000,,.0000000,,24.00000000,,24.00000000,,24.00000000,,.00000000,,24.00000000,345.0000000,1734.000000,0,.000000,CBT
101310,CCZ,R,C,12,0,2010,25.0000000,,.0000000,,.0000000,,.00000000,,.00000000,N,370.00000000,,.00000000,,340.00000000,.0000000,125.000000,0,.263100,CBT
101310,CCZ,R,C,12,0,2010,35.0000000,,.0000000,,.0000000,,.00000000,,.00000000,N,300.00000000,,.00000000,,274.00000000,.0000000,500.000000,0,.840000,CBT
101310,CCZ,R,C,12,0,2010,50.0000000,,.0000000,,.0000000,,.00000000,,.00000000,N,220.00000000,,.00000000,,200.00000000,.0000000,50.000000,0,.577900,CBT
101310,CCZ,R,P,12,0,2010,.0000000,,.0000000,,.0000000,,.00000000,,.00000000,N,24.00000000,,.00000000,,26.00000000,.0000000,1734.000000,0,.000000,CBT
101410,CCZ,R,C,12,0,2010,25.0000000,,.0000000,,.0000000,,.00000000,,.00000000,N,340.00000000,,.00000000,,310.00000000,.0000000,125.000000,0,.852600,CBT
101410,CCZ,R,C,12,0,2010,35.0000000,,.0000000,,.0000000,,.00000000,,.00000000,N,274.00000000,,.00000000,,250.00000000,.0000000,500.000000,0,.297800,CBT
101410,CCZ,R,C,12,0,2010,50.0000000,,.0000000,,.0000000,,.00000000,,.00000000,N,200.00000000,,.00000000,,170.00000000,.0000000,50.000000,0,.905900,CBT
101410,CCZ,R,P,12,0,2010,.0000000,,.0000000,,.0000000,,.00000000,,.00000000,N,26.00000000,,.00000000,,30.00000000,.0000000,1534.000000,0,.000000,CBT
101510,CCZ,R,C,12,0,2010,25.0000000,,.0000000,,.0000000,,.00000000,,.00000000,N,310.00000000,,.00000000,,290.00000000,.0000000,125.000000,0,.856100,CBT
101510,CCZ,R,C,12,0,2010,35.0000000,,.0000000,,.0000000,,.00000000,,.00000000,N,250.00000000,,.00000000,,230.00000000,.0000000,500.000000,0,.363900,CBT
101510,CCZ,R,C,12,0,2010,50.0000000,,.0000000,,.0000000,,.00000000,,.00000000,N,170.00000000,,.00000000,,150.00000000,.0000000,50.000000,0,.810700,CBT
101510,CCZ,R,P,12,0,2010,.0000000,,24.0000000,,.0000000,,24.00000000,,24.00000000,,24.00000000,,.00000000,,24.00000000,100.0000000,1634.000000,0,.000000,CBT
101510,CCZ,R,P,12,0,2010,20.0000000,,50.0000000,,.0000000,,50.00000000,,50.00000000,,50.00000000,,.00000000,,60.00000000,20.0000000,20.000000,0,.856100,CBT
101510,CCZ,R,P,12,0,2010,30.0000000,,80.0000000,,.0000000,,80.00000000,,80.00000000,,80.00000000,,.00000000,,90.00000000,20.0000000,20.000000,0,.610000,CBT
101810,CCZ,R,C,12,0,2010,25.0000000,,.0000000,,.0000000,,.00000000,,.00000000,N,290.00000000,,.00000000,,230.00000000,.0000000,125.000000,0,.785800,CBT
101810,CCZ,R,C,12,0,2010,35.0000000,,.0000000,,.0000000,,.00000000,,.00000000,N,230.00000000,,.00000000,,170.00000000,.0000000,500.000000,0,.305000,CBT
101810,CCZ,R,C,12,0,2010,50.0000000,,.0000000,,.0000000,,.00000000,,.00000000,N,150.00000000,,.00000000,,110.00000000,.0000000,50.000000,0,.736700,CBT
101810,CCZ,R,P,12,0,2010,.0000000,,.0000000,,.0000000,,.00000000,,.00000000,N,24.00000000,,.00000000,,24.00000000,.0000000,1634.000000,0,.000000,CBT
101810,CCZ,R,P,12,0,2010,20.0000000,,.0000000,,.0000000,,.00000000,,.00000000,N,60.00000000,,.00000000,,60.00000000,.0000000,20.000000,0,.107600,CBT
101810,CCZ,R,P,12,0,2010,30.0000000,,80.0000000,,.0000000,,80.00000000,,80.00000000,,80.00000000,,.00000000,,90.00000000,100.0000000,120.000000,0,.354100,CBT
101910,CCZ,R,C,12,0,2010,25.0000000,,.0000000,,.0000000,,.00000000,,.00000000,N,230.00000000,,.00000000,,200.00000000,.0000000,125.000000,0,.497900,CBT
101910,CCZ,R,C,12,0,2010,35.0000000,,.0000000,,.0000000,,.00000000,,.00000000,N,170.00000000,,.00000000,,144.00000000,.0000000,500.000000,0,.978600,CBT
101910,CCZ,R,C,12,0,2010,50.0000000,,.0000000,,.0000000,,.00000000,,.00000000,N,110.00000000,,.00000000,,80.00000000,.0000000,50.000000,0,.682900,CBT
101910,CCZ,R,P,12,0,2010,.0000000,,.0000000,,.0000000,,.00000000,,.00000000,N,24.00000000,,.00000000,,20.00000000,.0000000,1634.000000,0,.000000,CBT
101910,CCZ,R,P,12,0,2010,20.0000000,,.0000000,,.0000000,,.00000000,,.00000000,N,60.00000000,,.00000000,,66.00000000,.0000000,20.000000,0,.924400,CBT
101910,CCZ,R,P,12,0,2010,30.0000000,,.0000000,,.0000000,,.00000000,,.00000000,N,90.00000000,,.00000000,,104.00000000,.0000000,120.000000,0,.112000,CBT
102010,CCZ,R,C,12,0,2010,25.0000000,,.0000000,,.0000000,,.00000000,,.00000000,N,200.00000000,,.00000000,,220.00000000,.0000000,125.000000,0,.644500,CBT
102010,CCZ,R,C,12,0,2010,35.0000000,,.0000000,,.0000000,,.00000000,,.00000000,N,144.00000000,,.00000000,,156.00000000,.0000000,500.000000,0,.111400,CBT
102010,CCZ,R,C,12,0,2010,50.0000000,,.0000000,,.0000000,,.00000000,,.00000000,N,80.00000000,,.00000000,,94.00000000,.0000000,50.000000,0,.552300,CBT
102010,CCZ,R,P,12,0,2010,.0000000,,.0000000,,.0000000,,.00000000,,.00000000,N,20.00000000,,.00000000,,20.00000000,.0000000,1634.000000,0,.000000,CBT
102010,CCZ,R,P,12,0,2010,20.0000000,,40.0000000,,.0000000,,40.00000000,,40.00000000,,40.00000000,,.00000000,,44.00000000,30.0000000,50.000000,0,.074800,CBT
102010,CCZ,R,P,12,0,2010,30.0000000,,.0000000,,.0000000,,.00000000,,.00000000,N,104.00000000,,.00000000,,80.00000000,.0000000,120.000000,0,.316200,CBT
102110,CCZ,R,C,12,0,2010,25.0000000,,.0000000,,.0000000,,.00000000,,.00000000,N,220.00000000,,.00000000,,240.00000000,.0000000,125.000000,0,.076100,CBT
102110,CCZ,R,C,12,0,2010,35.0000000,,.0000000,,.0000000,,.00000000,,.00000000,N,156.00000000,,.00000000,,176.00000000,.0000000,500.000000,0,.636500,CBT
102110,CCZ,R,C,12,0,2010,50.0000000,,.0000000,,.0000000,,.00000000,,.00000000,N,94.00000000,,.00000000,,110.00000000,.0000000,50.000000,0,.379100,CBT
102110,CCZ,R,P,12,0,2010,.0000000,,.0000000,,.0000000,,.00000000,,.00000000,N,20.00000000,,.00000000,,20.00000000,.0000000,1634.000000,0,.000000,CBT
102110,CCZ,R,P,12,0,2010,10.0000000,,34.0000000,,.0000000,,34.00000000,,34.00000000,,34.00000000,,.00000000,,34.00000000,50.0000000,50.000000,0,.471900,CBT
102110,CCZ,R,P,12,0,2010,20.0000000,,.0000000,,.0000000,,.00000000,,.00000000,N,44.00000000,,.00000000,,54.00000000,.0000000,50.000000,0,.471900,CBT
102110,CCZ,R,P,12,0,2010,30.0000000,,.0000000,,.0000000,,.00000000,,.00000000,N,80.00000000,,.00000000,,86.00000000,.0000000,120.000000,0,.970500,CBT
102210,CCZ,R,C,12,0,2010,25.0000000,,.0000000,,.0000000,,.00000000,,.00000000,N,240.00000000,,.00000000,,230.00000000,.0000000,125.000000,0,.691500,CBT
102210,CCZ,R,C,12,0,2010,35.0000000,,.0000000,,.0000000,,.00000000,,.00000000,N,176.00000000,,.00000000,,166.00000000,.0000000,500.000000,0,.102200,CBT
102210,CCZ,R,C,12,0,2010,50.0000000,,.0000000,,.0000000,,.00000000,,.00000000,N,110.00000000,,.00000000,,96.00000000,.0000000,50.000000,0,.677600,CBT
102210,CCZ,R,P,12,0,2010,.0000000,,.0000000,,.0000000,,.00000000,,.00000000,N,20.00000000,,.00000000,,20.00000000,.0000000,1634.000000,0,.000000,CBT
102210,CCZ,R,P,12,0,2010,10.0000000,,.0000000,,.0000000,,.00000000,,.00000000,N,34.00000000,,.00000000,,34.00000000,.0000000,50.000000,0,.692000,CBT
102210,CCZ,R,P,12,0,2010,20.0000000,,.0000000,,.0000000,,.00000000,,.00000000,N,54.00000000,,.00000000,,54.00000000,.0000000,50.000000,0,.930700,CBT
102210,CCZ,R,P,12,0,2010,30.0000000,,.0000000,,.0000000,,.00000000,,.00000000,N,86.00000000,,.00000000,,84.00000000,.0000000,120.000000,0,.227600,CBT
102510,CCZ,R,C,12,0,2010,25.0000000,,.0000000,,.0000000,,.00000000,,.00000000,N,230.00000000,,.00000000,,190.00000000,.0000000,125.000000,0,.520500,CBT
102510,CCZ,R,C,12,0,2010,35.0000000,,.0000000,,.0000000,,.00000000,,.00000000,N,166.00000000,,.00000000,,134.00000000,.0000000,500.000000,0,.991900,CBT
102510,CCZ,R,C,12,0,2010,50.0000000,,.0000000,,.0000000,,.00000000,,.00000000,N,96.00000000,,.00000000,,74.00000000,.0000000,50.000000,0,.541900,CBT
102510,CCZ,R,P,12,0,2010,.0000000,,20.0000000,,.0000000,,20.00000000,,20.00000000,,20.00000000,,.00000000,,20.00000000,100.0000000,1734.000000,0,.000000,CBT
102510,CCZ,R,P,12,0,2010,10.0000000,,.0000000,,.0000000,,.00000000,,.00000000,N,34.00000000,,.00000000,,40.00000000,.0000000,50.000000,0,.945100,CBT
102510,CCZ,R,P,12,0,2010,20.0000000,,74.0000000,,.0000000,,74.00000000,,74.00000000,,74.00000000,,.00000000,,70.00000000,5.0000000,55.000000,0,.105500,CBT
102510,CCZ,R,P,12,0,2010,30.0000000,,.0000000,,.0000000,,.00000000,,.00000000,N,84.00000000,,.00000000,,104.00000000,.0000000,120.000000,0,.300500,CBT
102610,CCZ,R,C,12,0,2010,25.0000000,,.0000000,,.0000000,,.00000000,,.00000000,N,190.00000000,,.00000000,,176.00000000,.0000000,125.000000,0,.764600,CBT
102610,CCZ,R,C,12,0,2010,35.0000000,,.0000000,,.0000000,,.00000000,,.00000000,N,134.00000000,,.00000000,,124.00000000,.0000000,500.000000,0,.216300,CBT
102610,CCZ,R,C,12,0,2010,50.0000000,,.0000000,,.0000000,,.00000000,,.00000000,N,74.00000000,,.00000000,,70.00000000,.0000000,50.000000,0,.723500,CBT
102610,CCZ,R,P,12,0,2010,.0000000,,.0000000,,.0000000,,.00000000,,.00000000,N,20.00000000,,.00000000,,24.00000000,.0000000,1734.000000,0,.000000,CBT
102610,CCZ,R,P,12,0,2010,10.0000000,,.0000000,,.0000000,,.00000000,,.00000000,N,40.00000000,,.00000000,,50.00000000,.0000000,50.000000,0,.234600,CBT
102610,CCZ,R,P,12,0,2010,20.0000000,,.0000000,,.0000000,,.00000000,,.00000000,N,70.00000000,,.00000000,,80.00000000,.0000000,55.000000,0,.519900,CBT
102610,CCZ,R,P,12,0,2010,30.0000000,,.0000000,,.0000000,,.00000000,,.00000000,N,104.00000000,,.00000000,,120.00000000,.0000000,120.000000,0,.577900,CBT
102710,CCZ,R,C,12,0,2010,25.0000000,,.0000000,,.0000000,,.00000000,,.00000000,N,176.00000000,,.00000000,,194.00000000,.0000000,125.000000,0,.321900,CBT
102710,CCZ,R,C,12,0,2010,35.0000000,,.0000000,,.0000000,,.00000000,,.00000000,N,124.00000000,,.00000000,,140.00000000,.0000000,500.000000,0,.613400,CBT
102710,CCZ,R,C,12,0,2010,50.0000000,,.0000000,,.0000000,,.00000000,,.00000000,N,70.00000000,,.00000000,,84.00000000,.0000000,50.000000,0,.042400,CBT
102710,CCZ,R,P,12,0,2010,.0000000,,24.0000000,,.0000000,,24.00000000,,24.00000000,,24.00000000,,.00000000,,20.00000000,200.0000000,1754.000000,0,.000000,CBT
102710,CCZ,R,P,12,0,2010,10.0000000,,.0000000,,.0000000,,.00000000,,.00000000,N,50.00000000,,.00000000,,34.00000000,.0000000,50.000000,0,.089700,CBT
102710,CCZ,R,P,12,0,2010,20.0000000,,.0000000,,.0000000,,50.00000000,,50.00000000,N,80.00000000,,.00000000,,50.00000000,50.0000000,100.000000,0,.837200,CBT
102710,CCZ,R,P,12,0,2010,30.0000000,,.0000000,,.0000000,,.00000000,,.00000000,N,120.00000000,,.00000000,,194.00000000,.0000000,120.000000,0,.849200,CBT
102810,CCZ,R,C,12,0,2010,25.0000000,,.0000000,,.0000000,,.00000000,,.00000000,N,194.00000000,,.00000000,,184.00000000,.0000000,125.000000,0,.631100,CBT
102810,CCZ,R,C,12,0,2010,35.0000000,,.0000000,,.0000000,,.00000000,,.00000000,N,140.00000000,,.00000000,,144.00000000,.0000000,500.000000,0,.173100,CBT
102810,CCZ,R,C,12,0,2010,50.0000000,,.0000000,,.0000000,,.00000000,,.00000000,N,84.00000000,,.00000000,,114.00000000,.0000000,50.000000,0,.868200,CBT
102810,CCZ,R,C,12,0,2010,60.0000000,,90.0000000,,.0000000,,100.00000000,,90.00000000,,100.00000000,,.00000000,,100.00000000,625.0000000,625.000000,0,.868200,CBT
102810,CCZ,R,P,12,0,2010,.0000000,,.0000000,,.0000000,,.00000000,,.00000000,N,20.00000000,,.00000000,,16.00000000,.0000000,1754.000000,0,.000000,CBT
102810,CCZ,R,P,12,0,2010,10.0000000,,.0000000,,.0000000,,.00000000,,.00000000,N,34.00000000,,.00000000,,34.00000000,.0000000,50.000000,0,.065000,CBT
102810,CCZ,R,P,12,0,2010,20.0000000,,60.0000000,,.0000000,,60.00000000,,60.00000000,,60.00000000,,.00000000,,60.00000000,10.0000000,100.000000,0,.874200,CBT
102810,CCZ,R,P,12,0,2010,30.0000000,,90.0000000,,.0000000,,90.00000000,,90.00000000,,90.00000000,,.00000000,,104.00000000,50.0000000,170.000000,0,.023100,CBT
102910,CCZ,R,C,12,0,2010,25.0000000,,.0000000,,.0000000,,.00000000,,.00000000,N,184.00000000,,.00000000,,214.00000000,.0000000,125.000000,0,3.669411,CBT
102910,CCZ,R,C,12,0,2010,35.0000000,,.0000000,,.0000000,,.00000000,,.00000000,N,144.00000000,,.00000000,,154.00000000,.0000000,500.000000,0,3.151291,CBT
102910,CCZ,R,C,12,0,2010,50.0000000,,.0000000,,.0000000,,.00000000,,.00000000,N,114.00000000,,.00000000,,114.00000000,.0000000,50.000000,0,3.290210,CBT
102910,CCZ,R,C,12,0,2010,60.0000000,,100.0000000,,.0000000,,100.00000000,,100.00000000,,100.00000000,,.00000000,,100.00000000,954.0000000,1579.000000,0,3.425100,CBT
102910,CCZ,R,P,12,0,2010,.0000000,,.0000000,,.0000000,,.00000000,,.00000000,N,16.00000000,,.00000000,,14.00000000,.0000000,1754.000000,0,6.279523,CBT
102910,CCZ,R,P,12,0,2010,10.0000000,,.0000000,,.0000000,,.00000000,,.00000000,N,34.00000000,,.00000000,,34.00000000,.0000000,50.000000,0,6.279523,CBT
102910,CCZ,R,P,12,0,2010,20.0000000,,60.0000000,,.0000000,,60.00000000,,60.00000000,,60.00000000,,.00000000,,50.00000000,25.0000000,125.000000,0,4.079555,CBT
102910,CCZ,R,P,12,0,2010,30.0000000,,90.0000000,,.0000000,,90.00000000,,90.00000000,,90.00000000,,.00000000,,82.00000000,20.0000000,190.000000,0,3.350152,CBT
110110,CCZ,R,C,12,0,2010,25.0000000,,.0000000,,.0000000,,.00000000,,.00000000,N,214.00000000,,.00000000,,190.00000000,.0000000,125.000000,0,3.865720,CBT
110110,CCZ,R,C,12,0,2010,35.0000000,,.0000000,,.0000000,,.00000000,,.00000000,N,154.00000000,,.00000000,,136.00000000,.0000000,500.000000,0,3.437437,CBT
110110,CCZ,R,C,12,0,2010,50.0000000,,.0000000,,.0000000,,.00000000,,.00000000,N,114.00000000,,.00000000,,104.00000000,.0000000,50.000000,0,3.658965,CBT
110110,CCZ,R,C,12,0,2010,60.0000000,,120.0000000,,.0000000,,130.00000000,,100.00000000,,100.00000000,,.00000000,,90.00000000,93.0000000,1640.000000,0,3.751185,CBT
110110,CCZ,R,P,12,0,2010,.0000000,,.0000000,,.0000000,,.00000000,,.00000000,N,14.00000000,,.00000000,,16.00000000,.0000000,1754.000000,0,6.490303,CBT
110110,CCZ,R,P,12,0,2010,10.0000000,,34.0000000,,.0000000,,34.00000000,,34.00000000,,34.00000000,,.00000000,,34.00000000,50.0000000,100.000000,0,6.490303,CBT
110110,CCZ,R,P,12,0,2010,20.0000000,,.0000000,,.0000000,,.00000000,,.00000000,N,50.00000000,,.00000000,,54.00000000,.0000000,125.000000,0,4.365421,CBT
110110,CCZ,R,P,12,0,2010,30.0000000,,.0000000,,.0000000,,.00000000,,.00000000,N,82.00000000,,.00000000,,90.00000000,.0000000,190.000000,0,3.556662,CBT
110210,CCZ,R,C,12,0,2010,25.0000000,,.0000000,,.0000000,,.00000000,,.00000000,N,190.00000000,,.00000000,,146.00000000,.0000000,125.000000,0,4.143879,CBT
110210,CCZ,R,C,12,0,2010,35.0000000,,.0000000,,.0000000,,.00000000,,.00000000,N,136.00000000,,.00000000,,96.00000000,.0000000,500.000000,0,3.501469,CBT
110210,CCZ,R,C,12,0,2010,50.0000000,,.0000000,,.0000000,,.00000000,,.00000000,N,104.00000000,,.00000000,,74.00000000,.0000000,50.000000,0,3.799302,CBT
110210,CCZ,R,C,12,0,2010,60.0000000,,80.0000000,,.0000000,,80.00000000,,80.00000000,,80.00000000,,.00000000,,66.00000000,10.0000000,1640.000000,0,4.008592,CBT
110210,CCZ,R,P,12,0,2010,.0000000,,.0000000,,.0000000,,.00000000,,.00000000,N,16.00000000,,.00000000,,20.00000000,.0000000,1754.000000,0,6.767897,CBT
110210,CCZ,R,P,12,0,2010,10.0000000,,.0000000,,.0000000,,.00000000,,.00000000,N,34.00000000,,.00000000,,40.00000000,.0000000,100.000000,0,6.767897,CBT
110210,CCZ,R,P,12,0,2010,20.0000000,,.0000000,,.0000000,,.00000000,,.00000000,N,54.00000000,,.00000000,,70.00000000,.0000000,125.000000,0,4.747100,CBT
110210,CCZ,R,P,12,0,2010,30.0000000,,.0000000,,.0000000,,.00000000,,.00000000,N,90.00000000,,.00000000,,114.00000000,.0000000,190.000000,0,3.933582,CBT
110310,CCZ,R,C,12,0,2010,25.0000000,,.0000000,,.0000000,,.00000000,,.00000000,N,146.00000000,,.00000000,,144.00000000,.0000000,125.000000,0,3.968580,CBT
110310,CCZ,R,C,12,0,2010,35.0000000,,.0000000,,.0000000,,.00000000,,.00000000,N,96.00000000,,.00000000,,94.00000000,.0000000,500.000000,0,3.388462,CBT
110310,CCZ,R,C,12,0,2010,50.0000000,,.0000000,,.0000000,,.00000000,,.00000000,N,74.00000000,,.00000000,,72.00000000,.0000000,50.000000,0,3.720945,CBT
110310,CCZ,R,C,12,0,2010,60.0000000,,.0000000,,.0000000,,.00000000,,.00000000,N,66.00000000,,.00000000,,64.00000000,.0000000,1640.000000,0,3.941169,CBT
110310,CCZ,R,P,12,0,2010,.0000000,,24.0000000,,.0000000,,24.00000000,,24.00000000,,24.00000000,,.00000000,,20.00000000,10.0000000,1744.000000,0,6.939230,CBT
110310,CCZ,R,P,12,0,2010,10.0000000,,.0000000,,.0000000,,.00000000,,.00000000,N,40.00000000,,.00000000,,40.00000000,.0000000,100.000000,0,6.939230,CBT
110310,CCZ,R,P,12,0,2010,20.0000000,,.0000000,,.0000000,,.00000000,,.00000000,N,70.00000000,,.00000000,,66.00000000,.0000000,125.000000,0,4.760195,CBT
110310,CCZ,R,P,12,0,2010,30.0000000,,.0000000,,.0000000,,.00000000,,.00000000,N,114.00000000,,.00000000,,106.00000000,.0000000,190.000000,0,3.796290,CBT
110410,CCZ,R,C,12,0,2010,25.0000000,,.0000000,,.0000000,,.00000000,,.00000000,N,144.00000000,,.00000000,,176.00000000,.0000000,125.000000,0,4.095579,CBT
110410,CCZ,R,C,12,0,2010,35.0000000,,.0000000,,.0000000,,.00000000,,.00000000,N,94.00000000,,.00000000,,122.00000000,.0000000,500.000000,0,3.509158,CBT
110410,CCZ,R,C,12,0,2010,50.0000000,,.0000000,,.0000000,,.00000000,,.00000000,N,72.00000000,,.00000000,,80.00000000,.0000000,50.000000,0,3.422752,CBT
110410,CCZ,R,C,12,0,2010,60.0000000,,.0000000,,.0000000,,.00000000,,.00000000,N,64.00000000,,.00000000,,64.00000000,.0000000,1640.000000,0,3.493227,CBT
110410,CCZ,R,C,12,0,2010,70.0000000,,50.0000000,,.0000000,,50.00000000,,50.00000000,,50.00000000,,.00000000,,50.00000000,75.0000000,75.000000,0,3.433968,CBT
110410,CCZ,R,P,12,0,2010,.0000000,,14.0000000,,.0000000,,14.00000000,,14.00000000,,14.00000000,,.00000000,,14.00000000,160.0000000,1694.000000,0,6.069245,CBT
110410,CCZ,R,P,12,0,2010,10.0000000,,.0000000,,.0000000,,.00000000,,.00000000,N,40.00000000,,.00000000,,26.00000000,.0000000,100.000000,0,6.069245,CBT
110410,CCZ,R,P,12,0,2010,20.0000000,,.0000000,,.0000000,,.00000000,,.00000000,N,66.00000000,,.00000000,,54.00000000,.0000000,125.000000,0,4.538312,CBT
110410,CCZ,R,P,12,0,2010,30.0000000,,80.0000000,,.0000000,,80.00000000,,80.00000000,,80.00000000,,.00000000,,90.00000000,30.0000000,190.000000,0,3.651374,CBT
110510,CCZ,R,C,12,0,2010,25.0000000,,.0000000,,.0000000,,.00000000,,.00000000,N,176.00000000,,.00000000,,160.00000000,.0000000,125.000000,0,4.453451,CBT
110510,CCZ,R,C,12,0,2010,35.0000000,,.0000000,,.0000000,,.00000000,,.00000000,N,122.00000000,,.00000000,,110.00000000,.0000000,500.000000,0,3.831957,CBT
110510,CCZ,R,C,12,0,2010,50.0000000,,.0000000,,.0000000,,.00000000,,.00000000,N,80.00000000,,.00000000,,60.00000000,.0000000,50.000000,0,3.334476,CBT
110510,CCZ,R,C,12,0,2010,60.0000000,,.0000000,,.0000000,,.00000000,,.00000000,N,64.00000000,,.00000000,,44.00000000,.0000000,1640.000000,0,3.325463,CBT
110510,CCZ,R,C,12,0,2010,70.0000000,,.0000000,,.0000000,,34.00000000,,34.00000000,N,50.00000000,,.00000000,,34.00000000,30.0000000,105.000000,0,3.343141,CBT
110510,CCZ,R,P,12,0,2010,.0000000,,.0000000,,.0000000,,.00000000,,.00000000,N,14.00000000,,.00000000,,10.00000000,.0000000,1694.000000,0,6.280673,CBT
110510,CCZ,R,P,12,0,2010,10.0000000,,.0000000,,.0000000,,.00000000,,.00000000,N,26.00000000,,.00000000,,30.00000000,.0000000,100.000000,0,6.280673,CBT
110510,CCZ,R,P,12,0,2010,20.0000000,,.0000000,,.0000000,,.00000000,,.00000000,N,54.00000000,,.00000000,,60.00000000,.0000000,125.000000,0,4.665536,CBT
110510,CCZ,R,P,12,0,2010,30.0000000,,.0000000,,.0000000,,.00000000,,.00000000,N,90.00000000,,.00000000,,110.00000000,.0000000,190.000000,0,4.165782,CBT
110810,CCZ,R,C,12,0,2010,25.0000000,,.0000000,,.0000000,,.00000000,,.00000000,N,160.00000000,,.00000000,,144.00000000,.0000000,125.000000,0,4.198432,CBT
110810,CCZ,R,C,12,0,2010,35.0000000,,.0000000,,.0000000,,.00000000,,.00000000,N,110.00000000,,.00000000,,92.00000000,.0000000,500.000000,0,3.549566,CBT
110810,CCZ,R,C,12,0,2010,50.0000000,,.0000000,,.0000000,,.00000000,,.00000000,N,60.00000000,,.00000000,,50.00000000,.0000000,50.000000,0,3.281485,CBT
110810,CCZ,R,C,12,0,2010,60.0000000,,40.0000000,,.0000000,,40.00000000,,40.00000000,,40.00000000,,.00000000,,36.00000000,25.0000000,1640.000000,0,3.335807,CBT
110810,CCZ,R,C,12,0,2010,70.0000000,,24.0000000,,.0000000,,24.00000000,,24.00000000,,24.00000000,,.00000000,,20.00000000,20.0000000,125.000000,0,2.993634,CBT
110810,CCZ,R,P,12,0,2010,.0000000,,.0000000,,.0000000,,.00000000,,.00000000,N,10.00000000,,.00000000,,6.00000000,.0000000,1694.000000,0,6.190546,CBT
110810,CCZ,R,P,12,0,2010,10.0000000,,.0000000,,.0000000,,.00000000,,.00000000,N,30.00000000,,.00000000,,24.00000000,.0000000,100.000000,0,6.190546,CBT
110810,CCZ,R,P,12,0,2010,20.0000000,,54.0000000,,.0000000,,54.00000000,,54.00000000,,54.00000000,,.00000000,,52.00000000,15.0000000,125.000000,0,4.583520,CBT
110810,CCZ,R,P,12,0,2010,30.0000000,,.0000000,,.0000000,,.00000000,,.00000000,N,110.00000000,,.00000000,,94.00000000,.0000000,190.000000,0,3.859790,CBT
110910,CCZ,R,C,12,0,2010,25.0000000,,.0000000,,.0000000,,.00000000,,.00000000,N,144.00000000,,.00000000,,60.00000000,.0000000,125.000000,0,3.046543,CBT
110910,CCZ,R,C,12,0,2010,30.0000000,,50.0000000,,.0000000,,50.00000000,,50.00000000,,50.00000000,,.00000000,,40.00000000,50.0000000,50.000000,0,2.801989,CBT
110910,CCZ,R,C,12,0,2010,35.0000000,,.0000000,,.0000000,,.00000000,,.00000000,N,92.00000000,,.00000000,,30.00000000,.0000000,500.000000,0,2.834798,CBT
110910,CCZ,R,C,12,0,2010,50.0000000,,.0000000,,.0000000,,.00000000,,.00000000,N,50.00000000,,.00000000,,24.00000000,.0000000,50.000000,0,3.566911,CBT
110910,CCZ,R,C,12,0,2010,60.0000000,,30.0000000,,.0000000,,30.00000000,,20.00000000,,20.00000000,,.00000000,,20.00000000,816.0000000,1770.000000,0,3.721424,CBT
110910,CCZ,R,C,12,0,2010,70.0000000,,.0000000,,.0000000,,.00000000,,.00000000,N,20.00000000,,.00000000,,10.00000000,.0000000,125.000000,0,3.369517,CBT
110910,CCZ,R,P,12,0,2010,.0000000,,14.0000000,,.0000000,,20.00000000,,14.00000000,,14.00000000,,.00000000,,14.00000000,150.0000000,1594.000000,0,5.082262,CBT
110910,CCZ,R,P,12,0,2010,10.0000000,,.0000000,,.0000000,,.00000000,,.00000000,N,24.00000000,,.00000000,,20.00000000,.0000000,100.000000,0,5.082262,CBT
110910,CCZ,R,P,12,0,2010,20.0000000,,.0000000,,.0000000,,.00000000,,.00000000,N,52.00000000,,.00000000,,40.00000000,.0000000,125.000000,0,3.030569,CBT
110910,CCZ,R,P,12,0,2010,30.0000000,,.0000000,,.0000000,,.00000000,,.00000000,N,94.00000000,,.00000000,,100.00000000,.0000000,190.000000,0,2.801989,CBT
111010,CCZ,R,C,12,0,2010,25.0000000,,.0000000,,.0000000,,.00000000,,.00000000,N,60.00000000,,.00000000,,40.00000000,.0000000,125.000000,0,4.065700,CBT
111010,CCZ,R,C,12,0,2010,30.0000000,,.0000000,,.0000000,,.00000000,,.00000000,N,40.00000000,,.00000000,,26.00000000,.0000000,50.000000,0,3.797276,CBT
111010,CCZ,R,C,12,0,2010,35.0000000,,.0000000,,.0000000,,.00000000,,.00000000,N,30.00000000,,.00000000,,20.00000000,.0000000,500.000000,0,3.696426,CBT
111010,CCZ,R,C,12,0,2010,50.0000000,,.0000000,,.0000000,,.00000000,,.00000000,N,24.00000000,,.00000000,,6.00000000,.0000000,50.000000,0,3.447555,CBT
111010,CCZ,R,C,12,0,2010,60.0000000,,.0000000,,.0000000,,.00000000,,.00000000,N,20.00000000,,.00000000,,4.00000000,200.0000000,674.000000,0,3.498382,CBT
111010,CCZ,R,C,12,0,2010,70.0000000,,.0000000,,.0000000,,.00000000,,.00000000,N,10.00000000,,.00000000,,1.00000000,.0000000,125.000000,0,2.998782,CBT
111010,CCZ,R,P,12,0,2010,.0000000,,.0000000,,.0000000,,.00000000,,.00000000,N,14.00000000,,.00000000,,16.00000000,.0000000,1594.000000,0,7.036033,CBT
111010,CCZ,R,P,12,0,2010,10.0000000,,.0000000,,.0000000,,.00000000,,.00000000,N,20.00000000,,.00000000,,42.00000000,.0000000,100.000000,0,7.036033,CBT
111010,CCZ,R,P,12,0,2010,20.0000000,,.0000000,,.0000000,,.00000000,,.00000000,N,40.00000000,,.00000000,,84.00000000,.0000000,125.000000,0,4.641802,CBT
111010,CCZ,R,P,12,0,2010,30.0000000,,.0000000,,.0000000,,.00000000,,.00000000,N,100.00000000,,.00000000,,152.00000000,.0000000,190.000000,0,3.797276,CBT
111110,CCZ,R,C,12,0,2010,25.0000000,,.0000000,,.0000000,,.00000000,,.00000000,N,40.00000000,,.00000000,,66.00000000,.0000000,125.000000,0,3.377682,CBT
111110,CCZ,R,C,12,0,2010,30.0000000,,30.0000000,,.0000000,,30.00000000,,30.00000000,,30.00000000,,.00000000,,42.00000000,15.0000000,65.000000,0,2.914767,CBT
111110,CCZ,R,C,12,0,2010,35.0000000,,.0000000,,.0000000,,.00000000,,.00000000,N,20.00000000,,.00000000,,30.00000000,.0000000,500.000000,0,2.857691,CBT
111110,CCZ,R,C,12,0,2010,40.0000000,,20.0000000,,.0000000,,20.00000000,,20.00000000,,20.00000000,,.00000000,,20.00000000,20.0000000,20.000000,0,2.749465,CBT
111110,CCZ,R,C,12,0,2010,50.0000000,,.0000000,,.0000000,,.00000000,,.00000000,N,6.00000000,,.00000000,,10.00000000,.0000000,50.000000,0,2.706562,CBT
111110,CCZ,R,C,12,0,2010,60.0000000,,.0000000,,.0000000,,.00000000,,.00000000,N,4.00000000,,.00000000,,3.00000000,.0000000,674.000000,0,2.510965,CBT
111110,CCZ,R,C,12,0,2010,70.0000000,,.0000000,,.0000000,,.00000000,,.00000000,N,1.00000000,,.00000000,,1.00000000,.0000000,125.000000,0,2.350788,CBT
111110,CCZ,R,P,12,0,2010,.0000000,,.0000000,,.0000000,,.00000000,,.00000000,N,16.00000000,,.00000000,,6.00000000,.0000000,1594.000000,0,5.162096,CBT
111110,CCZ,R,P,12,0,2010,10.0000000,,.0000000,,.0000000,,.00000000,,.00000000,N,42.00000000,,.00000000,,16.00000000,.0000000,100.000000,0,5.162096,CBT
111110,CCZ,R,P,12,0,2010,20.0000000,,.0000000,,.0000000,,.00000000,,.00000000,N,84.00000000,,.00000000,,46.00000000,.0000000,125.000000,0,3.783857,CBT
111110,CCZ,R,P,12,0,2010,30.0000000,,.0000000,,.0000000,,.00000000,,.00000000,N,152.00000000,,.00000000,,94.00000000,.0000000,190.000000,0,2.914767,CBT
111210,CCZ,R,C,12,0,2010,25.0000000,,.0000000,,.0000000,,.00000000,,.00000000,N,66.00000000,,.00000000,,64.00000000,.0000000,125.000000,0,3.356461,CBT
111210,CCZ,R,C,12,0,2010,30.0000000,,.0000000,,.0000000,,.00000000,,.00000000,N,42.00000000,,.00000000,,44.00000000,.0000000,65.000000,0,3.135260,CBT
111210,CCZ,R,C,12,0,2010,35.0000000,,.0000000,,.0000000,,.00000000,,.00000000,N,30.00000000,,.00000000,,26.00000000,.0000000,500.000000,0,2.820763,CBT
111210,CCZ,R,C,12,0,2010,40.0000000,,.0000000,,.0000000,,.00000000,,.00000000,N,20.00000000,,.00000000,,16.00000000,.0000000,20.000000,0,2.692186,CBT
111210,CCZ,R,C,12,0,2010,50.0000000,,.0000000,,.0000000,,.00000000,,.00000000,N,10.00000000,,.00000000,,6.00000000,.0000000,50.000000,0,2.585807,CBT
111210,CCZ,R,C,12,0,2010,60.0000000,,.0000000,,.0000000,,.00000000,,.00000000,N,3.00000000,,.00000000,,3.00000000,.0000000,674.000000,0,2.593314,CBT
111210,CCZ,R,C,12,0,2010,70.0000000,,.0000000,,.0000000,,.00000000,,.00000000,N,1.00000000,,.00000000,,1.00000000,.0000000,125.000000,0,2.427883,CBT
111210,CCZ,R,P,12,0,2010,.0000000,,.0000000,,.0000000,,.00000000,,.00000000,N,6.00000000,,.00000000,,4.00000000,.0000000,1594.000000,0,5.331390,CBT
111210,CCZ,R,P,12,0,2010,10.0000000,,.0000000,,.0000000,,.00000000,,.00000000,N,16.00000000,,.00000000,,16.00000000,.0000000,100.000000,0,5.331390,CBT
111210,CCZ,R,P,12,0,2010,20.0000000,,.0000000,,.0000000,,.00000000,,.00000000,N,46.00000000,,.00000000,,46.00000000,.0000000,125.000000,0,3.907950,CBT
111210,CCZ,R,P,12,0,2010,30.0000000,,.0000000,,.0000000,,.00000000,,.00000000,N,94.00000000,,.00000000,,96.00000000,.0000000,190.000000,0,3.135260,CBT
111510,CCZ,R,C,12,0,2010,25.0000000,,.0000000,,.0000000,,.00000000,,.00000000,N,64.00000000,,.00000000,,144.00000000,.0000000,125.000000,0,3.404033,CBT
111510,CCZ,R,C,12,0,2010,30.0000000,,.0000000,,.0000000,,.00000000,,.00000000,N,44.00000000,,.00000000,,112.00000000,.0000000,65.000000,0,3.197312,CBT
111510,CCZ,R,C,12,0,2010,35.0000000,,.0000000,,.0000000,,.00000000,,.00000000,N,26.00000000,,.00000000,,70.00000000,.0000000,500.000000,0,2.425488,CBT
111510,CCZ,R,C,12,0,2010,40.0000000,,.0000000,,.0000000,,.00000000,,.00000000,N,16.00000000,,.00000000,,64.00000000,.0000000,20.000000,0,2.976277,CBT
111510,CCZ,R,C,12,0,2010,50.0000000,,.0000000,,.0000000,,.00000000,,.00000000,N,6.00000000,,.00000000,,32.00000000,.0000000,50.000000,0,2.706312,CBT
111510,CCZ,R,C,12,0,2010,60.0000000,,40.0000000,,.0000000,,40.00000000,,20.00000000,,20.00000000,,.00000000,,16.00000000,275.0000000,594.000000,0,2.664660,CBT
111510,CCZ,R,C,12,0,2010,70.0000000,,24.0000000,,.0000000,,24.00000000,,24.00000000,,24.00000000,,.00000000,,12.00000000,100.0000000,40.000000,0,2.840927,CBT
111510,CCZ,R,P,12,0,2010,.0000000,,.0000000,,.0000000,,.00000000,,.00000000,N,4.00000000,,.00000000,,6.00000000,.0000000,1594.000000,0,6.285915,CBT
111510,CCZ,R,P,12,0,2010,10.0000000,,.0000000,,.0000000,,.00000000,,.00000000,N,16.00000000,,.00000000,,12.00000000,.0000000,100.000000,0,6.285915,CBT
111510,CCZ,R,P,12,0,2010,20.0000000,,.0000000,,.0000000,,.00000000,,.00000000,N,46.00000000,,.00000000,,16.00000000,.0000000,125.000000,0,3.684122,CBT
111510,CCZ,R,P,12,0,2010,30.0000000,,.0000000,,.0000000,,.00000000,,.00000000,N,96.00000000,,.00000000,,46.00000000,.0000000,190.000000,0,3.197312,CBT
111610,CCZ,R,C,12,0,2010,25.0000000,,.0000000,,.0000000,,.00000000,,.00000000,N,144.00000000,,.00000000,,120.00000000,.0000000,125.000000,0,3.025980,CBT
111610,CCZ,R,C,12,0,2010,30.0000000,,.0000000,,.0000000,,.00000000,,.00000000,N,112.00000000,,.00000000,,86.00000000,.0000000,65.000000,0,2.828136,CBT
111610,CCZ,R,C,12,0,2010,35.0000000,,.0000000,,.0000000,,.00000000,,.00000000,N,70.00000000,,.00000000,,60.00000000,.0000000,500.000000,0,2.618042,CBT
111610,CCZ,R,C,12,0,2010,40.0000000,,.0000000,,.0000000,,.00000000,,.00000000,N,64.00000000,,.00000000,,40.00000000,.0000000,20.000000,0,2.495443,CBT
111610,CCZ,R,C,12,0,2010,50.0000000,,.0000000,,.0000000,,.00000000,,.00000000,N,32.00000000,,.00000000,,20.00000000,.0000000,50.000000,0,2.532219,CBT
111610,CCZ,R,C,12,0,2010,60.0000000,,.0000000,,.0000000,,.00000000,,.00000000,N,16.00000000,,.00000000,,10.00000000,25.0000000,569.000000,0,2.548717,CBT
111610,CCZ,R,C,12,0,2010,70.0000000,,.0000000,,.0000000,,.00000000,,.00000000,N,12.00000000,,.00000000,,3.00000000,.0000000,40.000000,0,2.406298,CBT
111610,CCZ,R,P,12,0,2010,.0000000,,.0000000,,.0000000,,.00000000,,.00000000,N,6.00000000,,.00000000,,3.00000000,.0000000,1594.000000,0,5.235306,CBT
111610,CCZ,R,P,12,0,2010,10.0000000,,.0000000,,.0000000,,.00000000,,.00000000,N,12.00000000,,.00000000,,5.00000000,.0000000,100.000000,0,5.235306,CBT
111610,CCZ,R,P,12,0,2010,20.0000000,,.0000000,,.0000000,,.00000000,,.00000000,N,16.00000000,,.00000000,,16.00000000,.0000000,125.000000,0,3.656109,CBT
111610,CCZ,R,P,12,0,2010,30.0000000,,.0000000,,.0000000,,.00000000,,.00000000,N,46.00000000,,.00000000,,42.00000000,.0000000,190.000000,0,2.828136,CBT
111710,CCZ,R,C,12,0,2010,25.0000000,,.0000000,,.0000000,,.00000000,,.00000000,N,120.00000000,,.00000000,,74.00000000,.0000000,125.000000,0,4.028625,CBT
111710,CCZ,R,C,12,0,2010,30.0000000,,80.0000000,,.0000000,,80.00000000,,80.00000000,,80.00000000,,.00000000,,50.00000000,75.0000000,23.000000,0,3.596532,CBT
111710,CCZ,R,C,12,0,2010,35.0000000,,.0000000,,.0000000,,.00000000,,.00000000,N,60.00000000,,.00000000,,26.00000000,.0000000,500.000000,0,3.044387,CBT
111710,CCZ,R,C,12,0,2010,40.0000000,,40.0000000,,.0000000,,40.00000000,,40.00000000,,40.00000000,,.00000000,,14.00000000,75.0000000,70.000000,0,2.783814,CBT
111710,CCZ,R,C,12,0,2010,50.0000000,,.0000000,,.0000000,,.00000000,,.00000000,N,20.00000000,,.00000000,,6.00000000,.0000000,50.000000,0,2.907209,CBT
111710,CCZ,R,C,12,0,2010,60.0000000,,.0000000,,.0000000,,.00000000,,.00000000,N,10.00000000,,.00000000,,4.00000000,.0000000,569.000000,0,3.138070,CBT
111710,CCZ,R,C,12,0,2010,70.0000000,,.0000000,,.0000000,,.00000000,,.00000000,N,3.00000000,,.00000000,,3.00000000,.0000000,40.000000,0,3.352456,CBT
111710,CCZ,R,P,12,0,2010,.0000000,,.0000000,,.0000000,,.00000000,,.00000000,N,3.00000000,,.00000000,,4.00000000,.0000000,1594.000000,0,5.485708,CBT
111710,CCZ,R,P,12,0,2010,10.0000000,,.0000000,,.0000000,,.00000000,,.00000000,N,5.00000000,,.00000000,,10.00000000,.0000000,100.000000,0,5.485708,CBT
111710,CCZ,R,P,12,0,2010,20.0000000,,.0000000,,.0000000,,.00000000,,.00000000,N,16.00000000,,.00000000,,40.00000000,.0000000,125.000000,0,4.535400,CBT
111710,CCZ,R,P,12,0,2010,30.0000000,,70.0000000,,.0000000,,70.00000000,,70.00000000,,70.00000000,,.00000000,,84.00000000,10.0000000,180.000000,0,3.596532,CBT
111810,CCZ,R,C,12,0,2010,25.0000000,,.0000000,,.0000000,,.00000000,,.00000000,N,74.00000000,,.00000000,,112.00000000,.0000000,125.000000,0,3.510295,CBT
111810,CCZ,R,C,12,0,2010,30.0000000,,.0000000,,.0000000,,.00000000,,.00000000,N,50.00000000,,.00000000,,80.00000000,.0000000,23.000000,0,3.185786,CBT
111810,CCZ,R,C,12,0,2010,35.0000000,,.0000000,,.0000000,,.00000000,,.00000000,N,26.00000000,,.00000000,,52.00000000,.0000000,500.000000,0,2.871201,CBT
111810,CCZ,R,C,12,0,2010,40.0000000,,.0000000,,.0000000,,.00000000,,.00000000,N,14.00000000,,.00000000,,34.00000000,.0000000,70.000000,0,2.779439,CBT
111810,CCZ,R,C,12,0,2010,50.0000000,,.0000000,,.0000000,,.00000000,,.00000000,N,6.00000000,,.00000000,,14.00000000,.0000000,50.000000,0,2.683919,CBT
111810,CCZ,R,C,12,0,2010,60.0000000,,.0000000,,.0000000,,.00000000,,.00000000,N,4.00000000,,.00000000,,4.00000000,.0000000,569.000000,0,2.497120,CBT
111810,CCZ,R,C,12,0,2010,70.0000000,,.0000000,,.0000000,,.00000000,,.00000000,N,3.00000000,,.00000000,,2.00000000,.0000000,40.000000,0,2.580435,CBT
111810,CCZ,R,P,12,0,2010,.0000000,,.0000000,,.0000000,,.00000000,,.00000000,N,4.00000000,,.00000000,,2.00000000,.0000000,1594.000000,0,5.681101,CBT
111810,CCZ,R,P,12,0,2010,10.0000000,,.0000000,,.0000000,,.00000000,,.00000000,N,10.00000000,,.00000000,,5.00000000,.0000000,100.000000,0,5.681101,CBT
111810,CCZ,R,P,12,0,2010,20.0000000,,.0000000,,.0000000,,.00000000,,.00000000,N,40.00000000,,.00000000,,16.00000000,25.0000000,150.000000,0,3.899698,CBT
111810,CCZ,R,P,12,0,2010,30.0000000,,.0000000,,.0000000,,.00000000,,.00000000,N,84.00000000,,.00000000,,46.00000000,25.0000000,155.000000,0,3.185786,CBT
111910,CCZ,R,C,12,0,2010,25.0000000,,.0000000,,.0000000,,.00000000,,.00000000,N,112.00000000,,.00000000,,74.00000000,.0000000,125.000000,0,2.970320,CBT
111910,CCZ,R,C,12,0,2010,30.0000000,,.0000000,,.0000000,,.00000000,,.00000000,N,80.00000000,,.00000000,,44.00000000,.0000000,23.000000,0,2.637232,CBT
111910,CCZ,R,C,12,0,2010,35.0000000,,.0000000,,.0000000,,.00000000,,.00000000,N,52.00000000,,.00000000,,26.00000000,.0000000,500.000000,0,2.603797,CBT
111910,CCZ,R,C,12,0,2010,40.0000000,,.0000000,,.0000000,,.00000000,,.00000000,N,34.00000000,,.00000000,,15.00000000,.0000000,70.000000,0,2.571812,CBT
111910,CCZ,R,C,12,0,2010,50.0000000,,.0000000,,.0000000,,.00000000,,.00000000,N,14.00000000,,.00000000,,4.00000000,.0000000,50.000000,0,2.483216,CBT
111910,CCZ,R,C,12,0,2010,60.0000000,,.0000000,,.0000000,,.00000000,,.00000000,N,4.00000000,,.00000000,,1.00000000,.0000000,569.000000,0,2.371293,CBT
111910,CCZ,R,C,12,0,2010,70.0000000,,.0000000,,.0000000,,.00000000,,.00000000,N,2.00000000,,.00000000,,1.00000000,.0000000,40.000000,0,2.774848,CBT
111910,CCZ,R,P,12,0,2010,.0000000,,.0000000,,.0000000,,.00000000,,.00000000,N,2.00000000,,.00000000,,1.00000000,.0000000,1594.000000,0,4.987918,CBT
111910,CCZ,R,P,12,0,2010,10.0000000,,.0000000,,.0000000,,.00000000,,.00000000,N,5.00000000,,.00000000,,3.00000000,.0000000,100.000000,0,4.987918,CBT
111910,CCZ,R,P,12,0,2010,20.0000000,,.0000000,,.0000000,,.00000000,,.00000000,N,16.00000000,,.00000000,,12.00000000,.0000000,150.000000,0,3.173145,CBT
111910,CCZ,R,P,12,0,2010,30.0000000,,.0000000,,.0000000,,.00000000,,.00000000,N,46.00000000,,.00000000,,46.00000000,.0000000,155.000000,0,2.637232,CBT
112210,CCZ,R,C,12,0,2010,25.0000000,,.0000000,,.0000000,,.00000000,,.00000000,N,74.00000000,,.00000000,,82.00000000,.0000000,125.000000,0,2.851123,CBT
112210,CCZ,R,C,12,0,2010,30.0000000,,.0000000,,.0000000,,.00000000,,.00000000,N,44.00000000,,.00000000,,50.00000000,.0000000,23.000000,0,2.719902,CBT
112210,CCZ,R,C,12,0,2010,35.0000000,,.0000000,,.0000000,,.00000000,,.00000000,N,26.00000000,,.00000000,,20.00000000,.0000000,500.000000,0,2.106398,CBT
112210,CCZ,R,C,12,0,2010,40.0000000,,.0000000,,.0000000,,.00000000,,.00000000,N,15.00000000,,.00000000,,10.00000000,.0000000,70.000000,0,2.219030,CBT
112210,CCZ,R,C,12,0,2010,50.0000000,,.0000000,,.0000000,,.00000000,,.00000000,N,4.00000000,,.00000000,,1.00000000,.0000000,50.000000,0,2.073929,CBT
112210,CCZ,R,C,12,0,2010,60.0000000,,.0000000,,.0000000,,.00000000,,.00000000,N,1.00000000,,.00000000,,1.00000000,.0000000,569.000000,0,2.718230,CBT
112210,CCZ,R,C,12,0,2010,70.0000000,,.0000000,,.0000000,,.00000000,,.00000000,N,1.00000000,,.00000000,,1.00000000,.0000000,40.000000,0,3.234989,CBT
112210,CCZ,R,P,12,0,2010,.0000000,,.0000000,,.0000000,,.00000000,,.00000000,N,1.00000000,,.00000000,,1.00000000,.0000000,1594.000000,0,6.030453,CBT
112210,CCZ,R,P,12,0,2010,10.0000000,,.0000000,,.0000000,,.00000000,,.00000000,N,3.00000000,,.00000000,,2.00000000,.0000000,100.000000,0,6.030453,CBT
112210,CCZ,R,P,12,0,2010,20.0000000,,.0000000,,.0000000,,.00000000,,.00000000,N,12.00000000,,.00000000,,4.00000000,.0000000,150.000000,0,3.258329,CBT
112210,CCZ,R,P,12,0,2010,30.0000000,,.0000000,,.0000000,,.00000000,,.00000000,N,46.00000000,,.00000000,,30.00000000,.0000000,155.000000,0,2.719902,CBT
112310,CCZ,R,C,12,0,2010,25.0000000,,.0000000,,.0000000,,.00000000,,.00000000,N,82.00000000,,.00000000,,96.00000000,.0000000,125.000000,0,3.229515,CBT
112310,CCZ,R,C,12,0,2010,30.0000000,,.0000000,,.0000000,,.00000000,,.00000000,N,50.00000000,,.00000000,,60.00000000,.0000000,23.000000,0,2.896739,CBT
112310,CCZ,R,C,12,0,2010,35.0000000,,.0000000,,.0000000,,.00000000,,.00000000,N,20.00000000,,.00000000,,32.00000000,.0000000,500.000000,0,2.685811,CBT
112310,CCZ,R,C,12,0,2010,40.0000000,,.0000000,,.0000000,,.00000000,,.00000000,N,10.00000000,,.00000000,,14.00000000,.0000000,70.000000,0,2.508898,CBT
112310,CCZ,R,C,12,0,2010,50.0000000,,.0000000,,.0000000,,.00000000,,.00000000,N,1.00000000,,.00000000,,3.00000000,.0000000,50.000000,0,2.609394,CBT
112310,CCZ,R,C,12,0,2010,60.0000000,,.0000000,,.0000000,,.00000000,,.00000000,N,1.00000000,,.00000000,,1.00000000,.0000000,569.000000,0,2.808833,CBT
112310,CCZ,R,C,12,0,2010,70.0000000,,.0000000,,.0000000,,.00000000,,.00000000,N,1.00000000,,.00000000,,1.00000000,.0000000,40.000000,0,3.392289,CBT
112310,CCZ,R,P,12,0,2010,.0000000,,.0000000,,.0000000,,.00000000,,.00000000,N,1.00000000,,.00000000,,1.00000000,.0000000,1594.000000,0,6.955149,CBT
112310,CCZ,R,P,12,0,2010,10.0000000,,.0000000,,.0000000,,.00000000,,.00000000,N,2.00000000,,.00000000,,2.00000000,.0000000,100.000000,0,6.955149,CBT
112310,CCZ,R,P,12,0,2010,20.0000000,,.0000000,,.0000000,,.00000000,,.00000000,N,4.00000000,,.00000000,,3.00000000,.0000000,150.000000,0,3.627602,CBT
112310,CCZ,R,P,12,0,2010,30.0000000,,.0000000,,.0000000,,.00000000,,.00000000,N,30.00000000,,.00000000,,22.00000000,.0000000,155.000000,0,2.896739,CBT
112410,CCZ,R,C,12,0,2010,25.0000000,,.0000000,,.0000000,,.00000000,,.00000000,N,96.00000000,,.00000000,,70.00000000,.0000000,125.000000,0,3.108730,CBT
112410,CCZ,R,C,12,0,2010,30.0000000,,.0000000,,.0000000,,.00000000,,.00000000,N,60.00000000,,.00000000,,32.00000000,.0000000,23.000000,0,2.471842,CBT
112410,CCZ,R,C,12,0,2010,35.0000000,,.0000000,,.0000000,,.00000000,,.00000000,N,32.00000000,,.00000000,,16.00000000,.0000000,500.000000,0,2.843364,CBT
112410,CCZ,R,C,12,0,2010,40.0000000,,.0000000,,.0000000,,.00000000,,.00000000,N,14.00000000,,.00000000,,6.00000000,.0000000,70.000000,0,2.819392,CBT
112410,CCZ,R,C,12,0,2010,50.0000000,,.0000000,,.0000000,,.00000000,,.00000000,N,3.00000000,,.00000000,,1.00000000,.0000000,50.000000,0,2.841885,CBT
112410,CCZ,R,C,12,0,2010,60.0000000,,.0000000,,.0000000,,.00000000,,.00000000,N,1.00000000,,.00000000,,1.00000000,.0000000,569.000000,0,3.667439,CBT
112410,CCZ,R,C,12,0,2010,70.0000000,,.0000000,,.0000000,,.00000000,,.00000000,N,1.00000000,,.00000000,,1.00000000,.0000000,40.000000,0,4.330916,CBT
112410,CCZ,R,P,12,0,2010,.0000000,,.0000000,,.0000000,,.00000000,,.00000000,N,1.00000000,,.00000000,,1.00000000,.0000000,1594.000000,0,6.693864,CBT
112410,CCZ,R,P,12,0,2010,10.0000000,,.0000000,,.0000000,,.00000000,,.00000000,N,2.00000000,,.00000000,,1.00000000,.0000000,100.000000,0,6.693864,CBT
112410,CCZ,R,P,12,0,2010,20.0000000,,.0000000,,.0000000,,.00000000,,.00000000,N,3.00000000,,.00000000,,2.00000000,.0000000,150.000000,0,3.350023,CBT
112410,CCZ,R,P,12,0,2010,30.0000000,,.0000000,,.0000000,,.00000000,,.00000000,N,22.00000000,,.00000000,,22.00000000,.0000000,155.000000,0,2.471842,CBT
112610,CCZ,R,C,12,0,2010,25.0000000,,.0000000,,.0000000,,.00000000,,.00000000,N,70.00000000,,.00000000,,63.00000000,.0000000,.000000,125,2.859884,CBT
112610,CCZ,R,C,12,0,2010,30.0000000,,4.0000000,,.0000000,,4.00000000,,4.00000000,,4.00000000,,.00000000,,13.00000000,8.0000000,.000000,15,.832081,CBT
112610,CCZ,R,C,12,0,2010,35.0000000,,.0000000,,.0000000,,.00000000,,.00000000,N,16.00000000,,.00000000,,1.00000000,.0000000,.000000,0,1.644435,CBT
112610,CCZ,R,C,12,0,2010,40.0000000,,.0000000,,.0000000,,.00000000,,.00000000,N,6.00000000,,.00000000,,1.00000000,.0000000,.000000,0,2.940277,CBT
112610,CCZ,R,C,12,0,2010,50.0000000,,.0000000,,.0000000,,.00000000,,.00000000,N,1.00000000,,.00000000,,1.00000000,.0000000,.000000,0,4.850328,CBT
112610,CCZ,R,C,12,0,2010,60.0000000,,.0000000,,.0000000,,.00000000,,.00000000,N,1.00000000,,.00000000,,1.00000000,.0000000,.000000,0,6.282891,CBT
112610,CCZ,R,C,12,0,2010,70.0000000,,.0000000,,.0000000,,.00000000,,.00000000,N,1.00000000,,.00000000,,1.00000000,.0000000,.000000,0,7.433637,CBT
112610,CCZ,R,P,12,0,2010,.0000000,,.0000000,,.0000000,,.00000000,,.00000000,N,1.00000000,,.00000000,,1.00000000,.0000000,.000000,0,11.654890,CBT
112610,CCZ,R,P,12,0,2010,10.0000000,,.0000000,,.0000000,,.00000000,,.00000000,N,1.00000000,,.00000000,,1.00000000,.0000000,.000000,0,11.654890,CBT
112610,CCZ,R,P,12,0,2010,20.0000000,,.0000000,,.0000000,,.00000000,,.00000000,N,2.00000000,,.00000000,,1.00000000,.0000000,.000000,0,5.061965,CBT
112610,CCZ,R,P,12,0,2010,30.0000000,,.0000000,,.0000000,,.00000000,,.00000000,N,22.00000000,,.00000000,,1.00000000,.0000000,.000000,0,.832081,CBT
112910,CCZ,R,C,12,0,2010,25.0000000,,.0000000,,.0000000,,.00000000,,.00000000,,.00000000,,.00000000,,63.00000000,.0000000,.000000,0,2.859884,CBT
112910,CCZ,R,C,12,0,2010,30.0000000,,.0000000,,.0000000,,.00000000,,.00000000,,.00000000,,.00000000,,13.00000000,.0000000,.000000,0,.832081,CBT
